# Tx_arcsec,Ty_arcsec
5.176341860488915927e+02,-1.793764164284227718e+02
5.176393747514025563e+02,-1.794094688629298560e+02
5.176496461325129985e+02,-1.794752011891254710e+02
5.176647909505613825e+02,-1.795728752725980257e+02
5.176844925699630267e+02,-1.797014312583217190e+02
5.177083334945974684e+02,-1.798595013104043687e+02
5.177357951349499672e+02,-1.800454558777390446e+02
5.177662646801021538e+02,-1.802574463400119384e+02
5.177990361247557303e+02,-1.804934745635808611e+02
5.178333238929118352e+02,-1.807514329945451550e+02
5.178682745351530912e+02,-1.810291540039355027e+02
5.179029732375074673e+02,-1.813244732971654685e+02
5.179364664945484265e+02,-1.816352662989471582e+02
5.179677812355378137e+02,-1.819594805411866218e+02
5.179959323696565434e+02,-1.822951849430323250e+02
5.180199660890710902e+02,-1.826405767487210028e+02
5.180389581567840196e+02,-1.829940118677922953e+02
5.180520530570172468e+02,-1.833540003262530433e+02
5.180584720810780937e+02,-1.837192235070008621e+02
5.180575352361008754e+02,-1.840885304442838333e+02
5.180486795583577759e+02,-1.844609240703706234e+02
5.180314604763700572e+02,-1.848355572561895599e+02
5.180055708731166533e+02,-1.852117141505061397e+02
5.179708239630625712e+02,-1.855888055446002625e+02
5.179271585715276842e+02,-1.859663397370303244e+02
5.178746394963550301e+02,-1.863439236501621963e+02
5.178134297594755253e+02,-1.867212312892922625e+02
5.177437793768126539e+02,-1.870979961729279353e+02
5.176660094013159323e+02,-1.874739943177685859e+02
5.175804875543421986e+02,-1.878490269751159758e+02
5.174876110208127784e+02,-1.882229064379873478e+02
5.173877732147094548e+02,-1.885954489366813789e+02
5.172813529408662134e+02,-1.889664619792512781e+02
5.171686971560779966e+02,-1.893357317010123211e+02
5.170500945715936041e+02,-1.897030163936299516e+02
5.169257709532554372e+02,-1.900680410016532846e+02
5.167958802560515323e+02,-1.904304942123960700e+02
5.166604992520301494e+02,-1.907900263960425207e+02
5.165196266875423134e+02,-1.911462499339467342e+02
5.163731865952298676e+02,-1.914987425068337927e+02
5.162210357040343069e+02,-1.918470512728296171e+02
5.160629720183193285e+02,-1.921906935024368579e+02
5.158987467836600445e+02,-1.925291727111288367e+02
5.157280776690211042e+02,-1.928619884134160429e+02
5.155506614526094609e+02,-1.931886386717470714e+02
5.153661881944017296e+02,-1.935086287275279062e+02
5.151743535668980485e+02,-1.938214788483555537e+02
5.149748696059442636e+02,-1.941267313090676225e+02
5.147674741682183139e+02,-1.944239546132041880e+02
5.145519381552614959e+02,-1.947127488924850240e+02
5.143280700053707051e+02,-1.949927453467472844e+02
5.140957195499106547e+02,-1.952636124411907872e+02
5.138547802936907374e+02,-1.955250466296867842e+02
5.136051847578549996e+02,-1.957767733837640094e+02
5.133468947668964120e+02,-1.960185520719213912e+02
5.130799095735615083e+02,-1.962501705342872356e+02
5.128042595626645834e+02,-1.964714341685807426e+02
5.125199878637190523e+02,-1.966821747284136279e+02
5.122271579122584626e+02,-1.968822520737901698e+02
5.119258452651893663e+02,-1.970715411566854129e+02
5.116161301059145217e+02,-1.972499493320994191e+02
5.112980962970496535e+02,-1.974174166877706682e+02
5.109718336373759371e+02,-1.975739190846270219e+02
5.106374304771236439e+02,-1.977194770738413752e+02
5.102949723443335870e+02,-1.978541665543185388e+02
5.099445564873640251e+02,-1.979781171831948825e+02
5.095862912809772070e+02,-1.980915261714880558e+02
5.092202923416788849e+02,-1.981946700528467034e+02
5.088467016241111764e+02,-1.982879066716885745e+02
5.084656830275644097e+02,-1.983716785328274455e+02
5.080774340708113641e+02,-1.984465129251876476e+02
5.076821975023315758e+02,-1.985130252169800826e+02
5.072802508733963123e+02,-1.985719236617416072e+02
5.068719371768956421e+02,-1.986239818711965199e+02
5.064576437596115852e+02,-1.986700578944284246e+02
5.060378214811100293e+02,-1.987110702254028070e+02
5.056129821236869475e+02,-1.987479799838619670e+02
5.051836951874089436e+02,-1.987817913346216869e+02
5.047505884486005243e+02,-1.988135270672741228e+02
5.043143349307142103e+02,-1.988442194118527766e+02
5.038756559961259427e+02,-1.988748799819145177e+02
5.034353049395824655e+02,-1.989065010700504388e+02
5.029940607440103690e+02,-1.989400332776611720e+02
5.025527132154235801e+02,-1.989763705308237718e+02
5.021120468481947796e+02,-1.990163475540269928e+02
5.016728395647996877e+02,-1.990607064938233179e+02
5.012358338881511486e+02,-1.991101215327850866e+02
5.008017434134596328e+02,-1.991651679899453029e+02
5.003712204194750939e+02,-1.992263413976294828e+02
4.999448680954767497e+02,-1.992940371999569322e+02
4.995232204210633427e+02,-1.993685606435298610e+02
4.991067353380983604e+02,-1.994501401032358672e+02
4.986958056009989377e+02,-1.995389143828776071e+02
4.982907416948592072e+02,-1.996349611477473047e+02
4.978917891741442645e+02,-1.997382884645909655e+02
4.974991230974979999e+02,-1.998488564133783996e+02
4.971128534831232173e+02,-1.999665845965689641e+02
4.967330445909711898e+02,-2.000913459525777967e+02
4.963596986063951704e+02,-2.002230076628441111e+02
4.959927917165789495e+02,-2.003614073762353769e+02
4.956322616977934103e+02,-2.005063835616365111e+02
4.952780241778911545e+02,-2.006577740636655847e+02
4.949299847297151018e+02,-2.008154155287596723e+02
4.945880297911043613e+02,-2.009791587028123843e+02
4.942520504531705114e+02,-2.011488629817984020e+02
4.939219351789570283e+02,-2.013244052748553088e+02
4.935975726614469750e+02,-2.015056720631041571e+02
4.932788602916792797e+02,-2.016925619590416545e+02
4.929657032991923984e+02,-2.018849850562963866e+02
4.926580104885351830e+02,-2.020828636655346600e+02
4.923556951055068112e+02,-2.022861250459105520e+02
4.920586776827083781e+02,-2.024947021129127620e+02
4.917668873081100287e+02,-2.027085309234825843e+02
4.914802501028859751e+02,-2.029275450690952312e+02
4.911986924994872084e+02,-2.031516805600631699e+02
4.909221515122824258e+02,-2.033808746445017448e+02
4.906505642987887086e+02,-2.036150621301468675e+02
4.903838687761902975e+02,-2.038541771615885807e+02
4.901220084190508146e+02,-2.040981554257033679e+02
4.898649322912678485e+02,-2.043469365148491477e+02
4.896126015395167315e+02,-2.046004661632390480e+02
4.893649919535923800e+02,-2.048587000101200033e+02
4.891220968726233309e+02,-2.051216077940465539e+02
4.888839306804102876e+02,-2.053891687254815110e+02
4.886505362507569430e+02,-2.056613916635132000e+02
4.884219879306331222e+02,-2.059383063843755224e+02
4.881983936399153094e+02,-2.062199678024601042e+02
4.879799021136591932e+02,-2.065064580673694081e+02
4.877667040859695931e+02,-2.067978868886078487e+02
4.875590345291863059e+02,-2.070943916861244247e+02
4.873571724096517528e+02,-2.073961338963324579e+02
4.871614400559853948e+02,-2.077032978483933618e+02
4.869721993277770480e+02,-2.080160825458628722e+02
4.867898479167058667e+02,-2.083346987657918419e+02
4.866148121025520936e+02,-2.086593596188330082e+02
4.864475379066051346e+02,-2.089902712701787664e+02
4.862884782581683112e+02,-2.093276271641756239e+02
4.861380788795831904e+02,-2.096715999546574665e+02
4.859967782780765901e+02,-2.100223277801567008e+02
4.858649800763652138e+02,-2.103799099717189733e+02
4.857430384404265169e+02,-2.107444009152567617e+02
4.856312555049248090e+02,-2.111158080143421500e+02
4.855298595917214470e+02,-2.114940778822717675e+02
4.854389904524425106e+02,-2.118791101346502330e+02
4.853587015806446061e+02,-2.122707486876489611e+02
4.852889464189230466e+02,-2.126687851803761191e+02
4.852295757627304056e+02,-2.130729644509489731e+02
4.851803310777922889e+02,-2.134829871300762534e+02
4.851408660823591958e+02,-2.138985269005858640e+02
4.851107243426089326e+02,-2.143192243440511220e+02
4.850893759568212431e+02,-2.147447134487344442e+02
4.850762105217766020e+02,-2.151746072124408613e+02
4.850705629280197400e+02,-2.156085316177486675e+02
4.850717249564347071e+02,-2.160461012670023422e+02
4.850789621169633392e+02,-2.164869559139013120e+02
4.850915404880682331e+02,-2.169307351249095746e+02
4.851087285989824522e+02,-2.173770986297291472e+02
4.851298252003648486e+02,-2.178257178791972422e+02
4.851541701615946636e+02,-2.182762739234331093e+02
4.851811577313535508e+02,-2.187284572724443592e+02
4.852102527727700476e+02,-2.191819553228980908e+02
4.852409969689801983e+02,-2.196364534879500638e+02
4.852730179493560172e+02,-2.200916211495501500e+02
4.853060287979024565e+02,-2.205471093598654875e+02
4.853398346912636043e+02,-2.210025444964917369e+02
4.853743360234450961e+02,-2.214575135627938494e+02
4.854095151013407872e+02,-2.219115728920648962e+02
4.854454631877397333e+02,-2.223642279021275101e+02
4.854823494897756291e+02,-2.228149468688741024e+02
4.855204401765459465e+02,-2.232631426282676159e+02
4.855600790942295362e+02,-2.237081882591932072e+02
4.856016960393225190e+02,-2.241494147375836974e+02
4.856458012285262384e+02,-2.245861111660793483e+02
4.856929794597998011e+02,-2.250175403095598483e+02
4.857438919499882104e+02,-2.254429295470358170e+02
4.857992550615383038e+02,-2.258614980813843260e+02
4.858598494006038209e+02,-2.262724444492895373e+02
4.859264930073486539e+02,-2.266749657763892287e+02
4.860000499888762988e+02,-2.270682731991300898e+02
4.860814051776552560e+02,-2.274515779691363377e+02
4.861714452166039564e+02,-2.278241241565322639e+02
4.862710541406264610e+02,-2.281851818050652980e+02
4.863810847364734968e+02,-2.285340579501627758e+02
4.865023460397264330e+02,-2.288701152168934811e+02
4.866355811749599525e+02,-2.291927652299438876e+02
4.867814563763411684e+02,-2.295014857302056157e+02
4.869405332519082208e+02,-2.297958263442071711e+02
4.871132659445891022e+02,-2.300754218935474853e+02
4.872999812201261989e+02,-2.303399918873686261e+02
4.875008763580157165e+02,-2.305893565984193003e+02
4.877160088588850613e+02,-2.308234367281034167e+02
4.879453002392687040e+02,-2.310422641363830110e+02
4.881885301925772183e+02,-2.312459832167264437e+02
4.884453528854830324e+02,-2.314348606441248819e+02
4.887152929061712143e+02,-2.316092801373375778e+02
4.889977684017089246e+02,-2.317697474533859747e+02
4.892920867574860040e+02,-2.319168822708018922e+02
4.895974732625011825e+02,-2.320514292991256298e+02
4.899130752091255658e+02,-2.321742352925159878e+02
4.902379828350794924e+02,-2.322862578138504261e+02
4.905712374537786218e+02,-2.323885480751792443e+02
4.909118464781802231e+02,-2.324822412257386475e+02
4.912587937762858132e+02,-2.325685422808237206e+02
4.916110543575302927e+02,-2.326487179625357840e+02
4.919676042648436010e+02,-2.327240878367696553e+02
4.923274255529930201e+02,-2.327959911409019469e+02
4.926895176452764531e+02,-2.328657861033866538e+02
4.930529083075443282e+02,-2.329348298778041340e+02
4.934166563361792441e+02,-2.330044610075220817e+02
4.937798597181775904e+02,-2.330759827848652606e+02
4.941416633167750661e+02,-2.331506469949356983e+02
4.945012606795264674e+02,-2.332296321116746185e+02
4.948579080309704068e+02,-2.333140446211346273e+02
4.952109153529237346e+02,-2.334048877360166330e+02
4.955596626025543969e+02,-2.335030671013091137e+02
4.959035903398207097e+02,-2.336093672982366343e+02
4.962422176029907064e+02,-2.337244614911796816e+02
4.965751201686695708e+02,-2.338488969674088196e+02
4.969019424640526950e+02,-2.339831033265265035e+02
4.972223901867753852e+02,-2.341273963260370294e+02
4.975362214229804749e+02,-2.342819797696805040e+02
4.978432533603420893e+02,-2.344469651165930202e+02
4.981433382615763890e+02,-2.346223635066407098e+02
4.984363733565280086e+02,-2.348081254057811691e+02
4.987222823425418028e+02,-2.350041309283023168e+02
4.990010128542630241e+02,-2.352102160010600755e+02
4.992725324554062354e+02,-2.354261777396159232e+02
4.995368262966086377e+02,-2.356517888748440726e+02
4.997938985707986035e+02,-2.358868102383985672e+02
5.000437612244639354e+02,-2.361309766126245222e+02
5.002864577945268252e+02,-2.363840204156042546e+02
5.005220462107729418e+02,-2.366456555077286623e+02
5.007506251127829273e+02,-2.369155858876397645e+02
5.009723241507176112e+02,-2.371934834104417007e+02
5.011873317795470939e+02,-2.374789982510898199e+02
5.013958865178588553e+02,-2.377717297738408320e+02
5.015982978122298164e+02,-2.380712397806774732e+02
5.017949470017443900e+02,-2.383770297123556361e+02
5.019862932698505347e+02,-2.386885408541394042e+02
5.021728746174353546e+02,-2.390051552430613242e+02
5.023553002612125624e+02,-2.393261904440831529e+02
5.025342505724314037e+02,-2.396509072367972237e+02
5.027104589024626762e+02,-2.399785180178488417e+02
5.028847040955188277e+02,-2.403081936126978064e+02
5.030577854233898734e+02,-2.406390945014782403e+02
5.032305109411176431e+02,-2.409703773159881450e+02
5.034036644509963025e+02,-2.413012154890487864e+02
5.035779822344031800e+02,-2.416308301962395149e+02
5.037541255575666241e+02,-2.419585079430142969e+02
5.039326635343178395e+02,-2.422836223616607469e+02
5.041140410804876524e+02,-2.426056577780238399e+02
5.042985720054399508e+02,-2.429242148455321626e+02
5.044864069588342090e+02,-2.432390372807785184e+02
5.046775335512077163e+02,-2.435499995608756194e+02
5.048717533805323114e+02,-2.438571281371480381e+02
5.050686972739419502e+02,-2.441605851174419399e+02
5.052678174634025936e+02,-2.444606647289205625e+02
5.054683977097442380e+02,-2.447577816896627212e+02
5.056695671697959256e+02,-2.450524511879630722e+02
5.058703045097673794e+02,-2.453452642858547108e+02
5.060694713267283760e+02,-2.456368722903874300e+02
5.062658327963426359e+02,-2.459279489989216643e+02
5.064580671103428244e+02,-2.462191794759545473e+02
5.066448140426817304e+02,-2.465112177477937223e+02
5.068246735720046559e+02,-2.468046745722997741e+02
5.069962548872678099e+02,-2.471000915440120025e+02
5.071581913926777361e+02,-2.473979159281974773e+02
5.073091602283745942e+02,-2.476985007181798153e+02
5.074479121947955491e+02,-2.480020736400834664e+02
5.075732867233418233e+02,-2.483087482808062987e+02
5.076842245654968906e+02,-2.486185093738434091e+02
5.077797973585667251e+02,-2.489312196290390204e+02
5.078591955437800607e+02,-2.492466306338066317e+02
5.079217606431765830e+02,-2.495643849115788555e+02
5.079669713037014844e+02,-2.498840315818196700e+02
5.079944611626991104e+02,-2.502050484778225155e+02
5.080040051636077010e+02,-2.505268465584755688e+02
5.079955267842913713e+02,-2.508488053854282214e+02
5.079690908583083342e+02,-2.511702712699490405e+02
5.079248889576890065e+02,-2.514906048201381452e+02
5.078632411379428504e+02,-2.518091639121329308e+02
5.077845718316889929e+02,-2.521253470119753786e+02
5.076894056104067090e+02,-2.524385958029427286e+02
5.075783602705158728e+02,-2.527484064086629019e+02
5.074521130951904411e+02,-2.530543425507764823e+02
5.073114054960221324e+02,-2.533560287872268475e+02
5.071570180602759024e+02,-2.536531682711465123e+02
5.069897582390852904e+02,-2.539455372350919902e+02
5.068104500673011898e+02,-2.542329787046596437e+02
5.066199114933987175e+02,-2.545154081707604803e+02
5.064189604501071358e+02,-2.547927951404306555e+02
5.062083846060196493e+02,-2.550651706463675339e+02
5.059889495376755235e+02,-2.553326136543703626e+02
5.057613871612650200e+02,-2.555952334698391724e+02
5.055263887454016754e+02,-2.558531862086786930e+02
5.052845991225451598e+02,-2.561066449257351110e+02
5.050366327283727514e+02,-2.563558105099914997e+02
5.047830463008423862e+02,-2.566008943012839154e+02
5.045243619254606529e+02,-2.568421239161980907e+02
5.042610580567557008e+02,-2.570797313400568669e+02
5.039935815298840680e+02,-2.573139500846604619e+02
5.037223376815747429e+02,-2.575450242042484774e+02
5.034476980892643496e+02,-2.577731868090129410e+02
5.031700127477777187e+02,-2.579986746197225784e+02
5.028895902042602870e+02,-2.582217139355668110e+02
5.026067236505307960e+02,-2.584425233758904028e+02
5.023216756746381861e+02,-2.586613111427319609e+02
5.020346813838895059e+02,-2.588782763153329256e+02
5.017459527741322063e+02,-2.590935962631394887e+02
5.014556745568078213e+02,-2.593074317598775451e+02
5.011640063166497043e+02,-2.595199275112572650e+02
5.008710830804716352e+02,-2.597312006408334923e+02
5.005770052920734088e+02,-2.599413489664983103e+02
5.002818553358258669e+02,-2.601504425332601613e+02
4.999856822443228452e+02,-2.603585316129981493e+02
4.996885113204270965e+02,-2.605656406163004704e+02
4.993903454062131573e+02,-2.607717733559298381e+02
4.990911626796220162e+02,-2.609769102938929564e+02
4.987909274387502592e+02,-2.611810122239229486e+02
4.984895838314616867e+02,-2.613840300968901147e+02
4.981870696621517141e+02,-2.615858956980364951e+02
4.978833130491914289e+02,-2.617865411014943220e+02
4.975782408141980113e+02,-2.619858928341445221e+02
4.972717793819845724e+02,-2.621838814296804117e+02
4.969638687510750970e+02,-2.623804458979728338e+02
4.966544594564547310e+02,-2.625755309998512530e+02
4.963435140028784645e+02,-2.627691006095872694e+02
4.960310229849353618e+02,-2.629611408671017898e+02
4.957169971325948836e+02,-2.631516594496011408e+02
4.954014743702441592e+02,-2.633406874921938652e+02
4.950845188563397983e+02,-2.635282891707145723e+02
4.947662310778237043e+02,-2.637145519540498526e+02
4.944467324510868593e+02,-2.638996035385007417e+02
4.941261821715540350e+02,-2.640835872823644763e+02
4.938047603217361825e+02,-2.642666835996504915e+02
4.934826754082992011e+02,-2.644490960369990376e+02
4.931601547633263749e+02,-2.646310510585304883e+02
4.928374448068682341e+02,-2.648127872863776702e+02
4.925148021663205782e+02,-2.649945611629815403e+02
4.921924923773580076e+02,-2.651766397986858692e+02
4.918707841908758951e+02,-2.653592913462937304e+02
4.915499446473718308e+02,-2.655427818070426724e+02
4.912302271145327950e+02,-2.657273742601104800e+02
4.909118854360586965e+02,-2.659133099367319915e+02
4.905951484800272056e+02,-2.661008332013233826e+02
4.902802378955152562e+02,-2.662901565212093260e+02
4.899673534516488189e+02,-2.664814858781615499e+02
4.896566717210317279e+02,-2.666750047928724712e+02
4.893483601176639581e+02,-2.668708727124045481e+02
4.890425607957941452e+02,-2.670692319023415848e+02
4.887394113838938097e+02,-2.672702153930617897e+02
4.884390418183889437e+02,-2.674739414465589107e+02
4.881415704425671720e+02,-2.676805235845591824e+02
4.878471306290573466e+02,-2.678900600942465076e+02
4.875558577835678307e+02,-2.681026545104641059e+02
4.872679071694726076e+02,-2.683184173574181273e+02
4.869834603490631935e+02,-2.685374694943960208e+02
4.867027282001720323e+02,-2.687599519995815172e+02
4.864259604593518134e+02,-2.689860077545610011e+02
4.861534406327639317e+02,-2.692158034284271366e+02
4.858855063803261487e+02,-2.694495105460363789e+02
4.856225332530608512e+02,-2.696873242521901943e+02
4.853649502325617959e+02,-2.699294266607880672e+02
4.851132235821190193e+02,-2.701760030619661279e+02
4.848678534511195153e+02,-2.704272151265688535e+02
4.846293799265913549e+02,-2.706831881592090099e+02
4.843983556755974291e+02,-2.709440067082225028e+02
4.841753493720142387e+02,-2.712096858687957592e+02
4.839609283472522065e+02,-2.714801591788772157e+02
4.837556391712038248e+02,-2.717552614908038322e+02
4.835600073298982124e+02,-2.720346960441563056e+02
4.833745063603232666e+02,-2.723180379339566457e+02
4.831995599170352875e+02,-2.726047056442073426e+02
4.830355158715800599e+02,-2.728939524572691084e+02
4.828826342874819488e+02,-2.731848535113408047e+02
4.827410910938464781e+02,-2.734763042473219343e+02
4.826109566132519149e+02,-2.737670166162064334e+02
4.824921886565549585e+02,-2.740555261343139364e+02
4.823846461339718985e+02,-2.743401946311523147e+02
4.822880719554576672e+02,-2.746192326134810742e+02
4.822021104119282882e+02,-2.748907128657407952e+02
4.821263044382859562e+02,-2.751526006542470100e+02
4.820601216992568538e+02,-2.754027825867617594e+02
4.820029614000936249e+02,-2.756391034329026866e+02
4.819541677734057430e+02,-2.758594078837481902e+02
4.819130658939778868e+02,-2.760615769319272772e+02
4.818789653763398633e+02,-2.762435820384208682e+02
4.818512011992900170e+02,-2.764035194786335978e+02
4.818291475876002892e+02,-2.765396636344686385e+02
4.818122406011016778e+02,-2.766505029687285173e+02
4.818000027413735324e+02,-2.767347790627314907e+02
4.817920615675003546e+02,-2.767915164973411493e+02
4.817881555415435173e+02,-2.768200541653294522e+02
